{
    "m_BedOwner": "C6-V59th-6wDB528z-fMLRgWJWOrW-CZ0K9uNN42yOQ=",
    "m_BedPos": [
        3825.739990234375,
        195.6642303466797,
        12996.630859375
    ],
    "m_RespawnTime": 1728831680,
    "m_BRUsesLeft": 0
}