{
    "m_BedOwner": "TG0rApOhUkiXimA0tnOJYE8uS_QvAvD9qvcsv0r5XSk=",
    "m_BedPos": [
        6552.56787109375,
        404.40130615234377,
        5596.91552734375
    ],
    "m_RespawnTime": 0,
    "m_BRUsesLeft": 0
}