{
    "m_BedOwner": "x2cBt07ysyHuu-qw3OSsex1l6x7hMGidhpxfzTIxw04=",
    "m_BedPos": [
        1373.1851806640626,
        335.8359680175781,
        9264.8876953125
    ],
    "m_RespawnTime": 0,
    "m_BRUsesLeft": 0
}