{
    "m_BedOwner": "bbya6tXonPMNGNagHlaH9TvDd6DVxWd5xbyVVJqLPXg=",
    "m_BedPos": [
        6551.14990234375,
        415.7197265625,
        5594.75634765625
    ],
    "m_RespawnTime": 1729903039,
    "m_BRUsesLeft": 0
}