{
    "m_BedOwner": "C6-V59th-6wDB528z-fMLRgWJWOrW-CZ0K9uNN42yOQ=",
    "m_BedPos": [
        4175.9306640625,
        327.72772216796877,
        8914.93359375
    ],
    "m_RespawnTime": 1730746679,
    "m_BRUsesLeft": 0
}