{
    "m_BedOwner": "gX-mGzx9RFx9F8jGKTZXFHTX2RzKzzdngvqPfvfqbSY=",
    "m_BedPos": [
        8648.8681640625,
        105.54940032958985,
        12789.55078125
    ],
    "m_RespawnTime": 1730774191,
    "m_BRUsesLeft": 0
}