{
    "m_BedOwner": "YIAZnIGEaAbKbh-OzWH2NTKlQCiUf5vcfLtGC_ZegXE=",
    "m_BedPos": [
        1396.9141845703126,
        335.8351135253906,
        9256.927734375
    ],
    "m_RespawnTime": 0,
    "m_BRUsesLeft": 0
}